galaxy_id,morph_type,Q,incl_deg,dist_Mpc,R_disc_kpc,R_last_kpc,R_out_kpc,N_outer,mean_Sigma_bar_outer,stratum,epsilon_umm,epsilon_baryon,epsilon_nfw,A_global,Upsilon_star,gas_source,notes
D631-7,Im,1,59.0,7.72,0.7,7.19,5.168,5,1.8798153584327828,low,0.07807713337061947,0.6604644040097816,0.013528869511565862,1.4125375446228536e-11,0.5,SPARC_HI,M200_NFW=3.162e+10;coverage=10.27
DDO064,Im,1,60.0,6.8,0.69,2.98,2.116,3,7.121648399128957,high,0.17980944303317312,0.4708773604888008,0.016769071666860605,1.4125375446228536e-11,0.5,SPARC_HI,M200_NFW=1.585e+10;coverage=4.32
DDO161,Im,1,70.0,7.5,1.22,13.37,9.538999999999998,9,3.194098267214236,intermediate,0.42244033443190865,0.5062230842954144,0.019256629942041456,1.4125375446228536e-11,0.5,SPARC_HI,M200_NFW=3.193e+10;coverage=10.96
ESO079-G014,Sbc,1,79.0,28.7,5.08,16.67,11.792,3,12.027431940545478,high,0.06529913385029489,0.440391887119075,0.0034271608574952986,1.4125375446228536e-11,0.5,SPARC_HI,M200_NFW=1.122e+12;coverage=3.28
ESO116-G012,Sd,1,74.0,13.0,1.51,9.86,6.976999999999999,4,5.2721337654572515,high,0.10824074162793962,0.5587470243332243,0.006934186357670621,1.4125375446228536e-11,0.5,SPARC_HI,M200_NFW=3.162e+11;coverage=6.53
ESO563-G021,Sbc,1,83.0,60.8,5.45,42.41,29.821999999999992,8,4.3151838685613155,intermediate,0.2656786589386436,0.49727606599802987,0.011745897764217385,1.4125375446228536e-11,0.5,SPARC_HI,M200_NFW=7.943e+12;coverage=7.78
F568-3,Sd,1,40.0,82.4,4.99,17.98,12.778,3,4.564861009282959,intermediate,0.0825784106049422,0.5484937543121512,0.03697257482209194,1.4125375446228536e-11,0.5,SPARC_HI,M200_NFW=2.239e+11;coverage=3.60
F568-V1,Sd,1,40.0,80.6,2.85,17.63,12.457999999999998,1,2.7248085219837077,low,0.021884829186650204,0.6358270261290415,0.0037219133451224583,1.4125375446228536e-11,0.5,SPARC_HI,M200_NFW=2.818e+11;coverage=6.19
F571-8,Sc,1,85.0,53.3,3.56,15.55,10.951,2,0.8259948002452536,low,0.4215517577819641,0.6907677645823287,0.017746553525800814,1.4125375446228536e-11,0.5,SPARC_HI,M200_NFW=8.913e+11;coverage=4.37
F574-1,Sd,1,65.0,96.8,4.46,12.6,8.960999999999999,4,4.625078785747811,high,0.058774535135945105,0.5533394410810326,0.010933230700848494,1.4125375446228536e-11,0.5,SPARC_HI,M200_NFW=1.585e+11;coverage=2.83
F583-1,Sm,1,63.0,35.4,2.36,16.26,11.459999999999999,2,3.6285446639001537,intermediate,0.33523786723788773,0.5213733177189512,0.006934342484426501,1.4125375446228536e-11,0.5,SPARC_HI,M200_NFW=7.943e+10;coverage=6.89
F583-4,Sc,1,55.0,53.3,1.93,7.29,5.169,4,2.31608694680813,low,0.08233123082296631,0.5398027801699231,0.029380858820039754,1.4125375446228536e-11,0.5,SPARC_HI,M200_NFW=3.981e+10;coverage=3.78
IC4202,Sbc,1,90.0,100.4,4.78,25.9,18.360999999999997,8,11.1345671202954,high,0.07925914023875985,0.3527240059756448,0.019793589904378697,1.4125375446228536e-11,0.5,SPARC_HI,M200_NFW=2.239e+12;coverage=5.42
NGC0024,Sc,1,64.0,7.3,1.34,11.27,7.951999999999998,3,2.1000757625380153,low,0.22083678014936747,0.6473301073783841,0.005205394563933465,1.4125375446228536e-11,0.5,SPARC_HI,M200_NFW=3.162e+11;coverage=8.41
NGC0100,Scd,1,89.0,13.5,1.66,9.62,6.802999999999999,7,2.3052072102933914,low,0.0849140951597529,0.5873154350900524,0.0197364919928463,1.4125375446228536e-11,0.5,SPARC_HI,M200_NFW=1.122e+11;coverage=5.80
NGC0801,Sc,1,80.0,80.7,8.72,59.82,42.225,3,3.208914123832207,intermediate,0.08684077904680276,0.370999060887919,0.017263230690914667,1.4125375446228536e-11,0.5,SPARC_HI,M200_NFW=1.000e+12;coverage=6.86
NGC0891,Sb,1,90.0,9.91,2.55,17.11,12.252999999999998,6,9.029381047147723,high,0.060314902705668395,0.25536801899587513,0.0056297709418409595,1.4125375446228536e-11,0.5,SPARC_HI,M200_NFW=1.000e+12;coverage=6.71
NGC1003,Scd,1,67.0,11.4,1.61,30.24,21.543,11,1.2025986900082428,low,0.05187416436636436,0.6592554425689635,0.014858950226093438,1.4125375446228536e-11,0.5,SPARC_HI,M200_NFW=2.239e+11;coverage=18.78
NGC1090,Sbc,1,64.0,37.0,3.53,30.09,21.168,8,3.6997497195919675,intermediate,0.03055365003996055,0.4128075927205935,0.005383438574486874,1.4125375446228536e-11,0.5,SPARC_HI,M200_NFW=5.012e+11;coverage=8.52
NGC2403,Scd,1,63.0,3.16,1.39,20.87,14.657,13,3.7754541905809345,intermediate,0.055468387987769104,0.590141059304978,0.007035462305395044,1.4125375446228536e-11,0.5,SPARC_HI,M200_NFW=4.467e+11;coverage=15.01
NGC2841,Sb,1,76.0,14.1,3.64,63.64,45.58,9,2.7946019868595,intermediate,0.2264116623361337,0.6093930237684495,0.010134939864631242,1.4125375446228536e-11,0.5,SPARC_HI,M200_NFW=4.914e+12;coverage=17.48
NGC2903,Sbc,1,66.0,6.6,2.33,24.96,17.567999999999998,8,1.750284329821082,low,0.20155055060346969,0.4674434402273828,0.014281266299524765,1.4125375446228536e-11,0.5,SPARC_HI,M200_NFW=1.000e+12;coverage=10.71
NGC2998,Sc,1,58.0,68.1,6.2,42.28,29.694999999999997,3,4.843990648161127,high,0.01839712779508389,0.4347422154058904,0.016867752495589545,1.4125375446228536e-11,0.5,SPARC_HI,M200_NFW=1.133e+12;coverage=6.82
NGC3109,Sm,1,70.0,1.33,1.56,6.45,4.593,8,2.499443357249182,low,0.026223330991488405,0.6724380313282027,0.02163147967949184,1.4125375446228536e-11,0.5,SPARC_HI,M200_NFW=5.012e+10;coverage=4.13
NGC3198,Sc,1,73.0,13.8,3.14,44.08,30.951999999999998,7,2.1237784468186196,low,0.10070740769512189,0.5526207344796287,0.010389658847029448,1.4125375446228536e-11,0.5,SPARC_HI,M200_NFW=5.012e+11;coverage=14.04
NGC3521,Sbc,1,75.0,7.7,2.4,17.74,12.570999999999996,3,6.1858970264746445,high,0.18323139598886629,0.4111311645641296,0.0013696306343619921,1.4125375446228536e-11,0.5,SPARC_HI,M200_NFW=1.995e+12;coverage=7.39
NGC3741,Im,1,70.0,3.21,0.2,7.0,4.968999999999999,5,1.1568055327846931,low,0.08957521420617293,0.7195606289320245,0.01288244918368083,1.4125375446228536e-11,0.5,SPARC_HI,M200_NFW=1.995e+10;coverage=35.00
NGC3893,Sc,1,49.0,18.0,2.38,19.05,13.857000000000001,3,4.582769672199613,intermediate,0.11515698375615196,0.42663207385442165,0.02472790603530435,1.4125375446228536e-11,0.5,SPARC_HI,M200_NFW=8.913e+11;coverage=8.00
NGC3917,Scd,1,79.0,18.0,2.63,14.86,10.662999999999998,5,5.120441130726517,high,0.06944815582117751,0.450982532141483,0.004907034370939786,1.4125375446228536e-11,0.5,SPARC_HI,M200_NFW=3.981e+11;coverage=5.65
NGC3953,Sbc,1,62.0,18.0,4.89,15.68,12.026,3,21.907482507300596,high,0.02328153142559831,0.2415371189848048,0.007075777215771877,1.4125375446228536e-11,0.5,SPARC_HI,M200_NFW=1.122e+12;coverage=3.21
NGC3972,Sbc,1,77.0,18.0,2.18,8.72,6.365,3,10.778050957307633,high,0.09676649470937877,0.43436481218924144,0.006683207977535667,1.4125375446228536e-11,0.5,SPARC_HI,M200_NFW=6.310e+11;coverage=4.00
NGC3992,Sbc,1,56.0,23.7,4.96,46.02,34.971000000000004,3,2.144125552533723,low,0.1758607489243713,0.48823772080247246,0.006289327152524362,1.4125375446228536e-11,0.5,SPARC_HI,M200_NFW=2.239e+12;coverage=9.28
NGC4088,Sbc,1,69.0,18.0,2.58,21.48,15.558000000000002,4,6.4591343154449605,high,0.08210468303308881,0.23177923257371658,0.04739393426093358,1.4125375446228536e-11,0.5,SPARC_HI,M200_NFW=2.512e+11;coverage=8.33
NGC4100,Sbc,1,73.0,18.0,2.15,22.76,16.715,7,2.6339321270229803,low,0.1225200674497641,0.4492602525081558,0.04070038922509411,1.4125375446228536e-11,0.5,SPARC_HI,M200_NFW=6.310e+11;coverage=10.59
NGC4157,Sb,1,82.0,18.0,2.32,29.61,21.249,5,3.3351492992608827,intermediate,0.07004088199698617,0.4207658873319068,0.00964019159836964,1.4125375446228536e-11,0.5,SPARC_HI,M200_NFW=7.943e+11;coverage=12.76
NGC4183,Scd,1,82.0,18.0,2.79,21.02,14.974999999999998,7,3.085530066044747,intermediate,0.10705328247124303,0.515853310217568,0.013120435068865236,1.4125375446228536e-11,0.5,SPARC_HI,M200_NFW=1.778e+11;coverage=7.53
NGC4217,Sb,1,86.0,18.0,2.94,16.72,11.964999999999998,6,3.2250757437175426,intermediate,0.06524639108303454,0.2471762312454869,0.007348913110481237,1.4125375446228536e-11,0.5,SPARC_HI,M200_NFW=4.467e+11;coverage=5.69
NGC4559,Scd,1,67.0,9.0,2.1,20.97,14.879999999999997,10,5.086692860897725,high,0.1611485948286293,0.42067117810679944,0.013771145858061351,1.4125375446228536e-11,0.5,SPARC_HI,M200_NFW=1.995e+11;coverage=9.99
NGC5033,Sc,1,66.0,15.7,5.16,44.59,31.441000000000003,6,2.1976261084159163,low,0.07861493734359383,0.5065313783384274,0.012973231206079775,1.4125375446228536e-11,0.5,SPARC_HI,M200_NFW=1.100e+12;coverage=8.64
NGC5055,Sbc,1,55.0,9.9,3.2,54.59,38.429,6,1.4763223436324378,low,0.03001177097030501,0.4690742003357256,0.006042322877781313,1.4125375446228536e-11,0.5,SPARC_HI,M200_NFW=7.079e+11;coverage=17.06
NGC5371,Sbc,1,53.0,39.7,7.44,46.24,32.803,5,2.1024760623000183,low,0.042035154615588745,0.2817971474959193,0.04005613558060832,1.4125375446228536e-11,0.5,SPARC_HI,M200_NFW=5.623e+11;coverage=6.22
NGC5585,Sd,1,51.0,7.06,1.53,10.96,7.699,5,4.0189283199819625,intermediate,0.0497382543738763,0.5385279265595401,0.021448665542792407,1.4125375446228536e-11,0.5,SPARC_HI,M200_NFW=1.234e+11;coverage=7.16
NGC5907,Sc,1,88.0,17.3,5.34,50.33,36.739999999999995,6,3.3722630918241454,intermediate,0.022363658030720646,0.4656328086881077,0.01952795364708563,1.4125375446228536e-11,0.5,SPARC_HI,M200_NFW=1.259e+12;coverage=9.43
NGC5985,Sb,1,60.0,39.7,7.01,34.72,25.365999999999996,4,7.343882347468,high,0.2360122773078051,0.5016192472858808,0.024556845318577592,1.4125375446228536e-11,0.5,SPARC_HI,M200_NFW=6.310e+12;coverage=4.95
NGC6195,Sb,1,62.0,127.8,13.94,36.43,25.9,4,10.129555144726144,high,0.04835755575158157,0.25179587452946905,0.012883424857986214,1.4125375446228536e-11,0.5,SPARC_HI,M200_NFW=1.122e+12;coverage=2.61
NGC6503,Scd,1,74.0,6.26,2.16,23.5,16.677999999999997,9,1.3197559019583527,low,0.04959282991116508,0.6022723121012805,0.01199102106962079,1.4125375446228536e-11,0.5,SPARC_HI,M200_NFW=2.463e+11;coverage=10.88
NGC6674,Sb,1,54.0,51.2,6.04,72.41,51.437,5,1.4579181515907838,low,0.15442743966949085,0.576565500999768,0.012282255550889326,1.4125375446228536e-11,0.5,SPARC_HI,M200_NFW=2.463e+12;coverage=11.99
NGC6946,Scd,1,38.0,5.52,2.44,20.4,14.336999999999996,17,3.6996921352726764,intermediate,0.046596001679018936,0.35202175821598614,0.009429907844499683,1.4125375446228536e-11,0.5,SPARC_HI,M200_NFW=4.379e+11;coverage=8.36
NGC7331,Sb,1,75.0,14.7,5.02,36.31,26.217999999999996,10,4.230991539661796,intermediate,0.10404220355948832,0.3808957899536597,0.01475983780902004,1.4125375446228536e-11,0.5,SPARC_HI,M200_NFW=1.585e+12;coverage=7.23
NGC7793,Sd,1,47.0,3.61,1.21,7.87,5.542,5,7.485473606762359,high,0.04114225194214814,0.38878343497117107,0.056304222077369195,1.4125375446228536e-11,0.5,SPARC_HI,M200_NFW=1.122e+11;coverage=6.50
NGC7814,Sab,1,90.0,14.4,2.54,19.53,13.860000000000001,6,1.5707507730648669,low,0.3092124516487514,0.4625150501580531,0.007503915671980371,1.4125375446228536e-11,0.5,SPARC_HI,M200_NFW=2.818e+12;coverage=7.69
UGC00128,Sdm,1,57.0,64.5,5.95,53.75,38.0,7,1.247528374194719,low,0.18877628945573607,0.6452409459514171,0.022884009553147473,1.4125375446228536e-11,0.5,SPARC_HI,M200_NFW=3.548e+11;coverage=9.03
UGC00191,Sm,1,45.0,17.1,1.58,9.98,7.172000000000001,2,5.120737024377613,high,0.14468392870814056,0.49756723918518075,0.01164407868411299,1.4125375446228536e-11,0.5,SPARC_HI,M200_NFW=7.079e+10;coverage=6.32
UGC00731,Im,1,57.0,12.5,2.3,10.91,7.91,4,4.862665742569403,high,0.29422300674887264,0.507094800827108,0.009484451486028632,1.4125375446228536e-11,0.5,SPARC_HI,M200_NFW=5.012e+10;coverage=4.74
UGC01281,Sdm,1,90.0,5.27,1.63,4.99,3.517,4,3.7382017135275887,intermediate,0.0990377786260157,0.5851262250744225,0.007499737887823719,1.4125375446228536e-11,0.5,SPARC_HI,M200_NFW=2.818e+10;coverage=3.06
UGC02487,S0,1,36.0,69.1,7.89,80.38,59.24499999999999,5,1.1671486948488738,low,0.31266276688017597,0.5784146405963113,0.004231694036076555,1.4125375446228536e-11,0.5,SPARC_HI,M200_NFW=7.079e+12;coverage=10.19
UGC02885,Sc,1,64.0,80.6,11.4,74.07,52.358999999999995,6,4.742091235597774,high,0.08171849325998676,0.48981983499477905,0.007559974246116118,1.4125375446228536e-11,0.5,SPARC_HI,M200_NFW=3.981e+12;coverage=6.50
UGC03205,Sab,1,67.0,50.0,3.19,40.04,28.112,4,2.7431714198923944,intermediate,0.16091632997015512,0.5219326355065211,0.034786529317536494,1.4125375446228536e-11,0.5,SPARC_HI,M200_NFW=1.413e+12;coverage=12.55
UGC03546,Sa,1,55.0,28.7,3.79,29.23,20.65,4,1.4521675253684392,low,0.19776246053632904,0.4406717100796573,0.01133427269228792,1.4125375446228536e-11,0.5,SPARC_HI,M200_NFW=1.000e+12;coverage=7.71
UGC04278,Sd,1,90.0,9.51,2.21,6.69,4.725,8,6.03270954329523,high,0.09119735930088155,0.5812758515336052,0.00868497546202429,1.4125375446228536e-11,0.5,SPARC_HI,M200_NFW=1.585e+11;coverage=3.03
UGC04325,Sm,1,41.0,9.6,1.86,5.59,4.122999999999999,3,8.680437243614572,high,0.0966733750821359,0.5234757740613516,0.0262952108474727,1.4125375446228536e-11,0.5,SPARC_HI,M200_NFW=2.512e+11;coverage=3.01
UGC04499,Sdm,1,50.0,12.5,1.73,8.18,5.999,3,5.468815250477397,high,0.19652374259289748,0.47101052639719193,0.010977869207596247,1.4125375446228536e-11,0.5,SPARC_HI,M200_NFW=5.012e+10;coverage=4.73
UGC05005,Im,1,41.0,53.7,3.2,28.61,20.261,3,2.2100015830900976,low,0.2780529526390316,0.570223828281952,0.008455955828262815,1.4125375446228536e-11,0.5,SPARC_HI,M200_NFW=1.413e+11;coverage=8.94
UGC05721,Sd,1,61.0,6.18,0.38,6.74,4.745,5,3.801699054117871,intermediate,0.09149832847779622,0.6413048858665922,0.017019261548502126,1.4125375446228536e-11,0.5,SPARC_HI,M200_NFW=1.234e+11;coverage=17.74
UGC05750,Sdm,1,64.0,58.7,3.46,22.85,16.088,1,2.21226677868708,low,0.5729100789884786,0.4745511890097529,0.0025604511800224896,1.4125375446228536e-11,0.5,SPARC_HI,M200_NFW=5.623e+10;coverage=6.60
UGC06399,Sm,1,75.0,18.0,2.05,7.85,5.755999999999999,3,4.537142747179292,intermediate,0.025791339463938637,0.54823206095968,0.008655180149620372,1.4125375446228536e-11,0.5,SPARC_HI,M200_NFW=1.133e+11;coverage=3.83
UGC06446,Sd,1,51.0,12.0,1.49,10.22,7.328,5,4.735495268007601,high,0.11355714453598295,0.5529758161487657,0.01897175240471089,1.4125375446228536e-11,0.5,SPARC_HI,M200_NFW=8.913e+10;coverage=6.86
UGC06614,Sa,1,36.0,88.7,5.1,64.59,46.182,2,2.2296210569803114,low,0.05108840365405269,0.5249391145103441,0.0030322715364809,1.4125375446228536e-11,0.5,SPARC_HI,M200_NFW=1.259e+12;coverage=12.66
UGC06786,S0,1,64.0,29.3,3.6,34.05,23.883,5,1.2828774908933214,low,0.32844757633678856,0.6112567308245411,0.025219139595649993,1.4125375446228536e-11,0.5,SPARC_HI,M200_NFW=2.512e+12;coverage=9.46
UGC06917,Sm,1,56.0,18.0,2.76,10.47,7.851,3,6.567508770933053,high,0.012892851922728411,0.500380896273733,0.008451941574593119,1.4125375446228536e-11,0.5,SPARC_HI,M200_NFW=2.239e+11;coverage=3.79
UGC06930,Sd,1,32.0,18.0,3.94,16.61,12.149,4,4.747044497592294,high,0.13161516193368264,0.46748652657387957,0.00552586739155496,1.4125375446228536e-11,0.5,SPARC_HI,M200_NFW=1.585e+11;coverage=4.22
UGC06983,Scd,1,49.0,18.0,3.21,15.68,11.498,5,4.399439677133422,intermediate,0.07320661096861052,0.5312440050511298,0.00930678736934181,1.4125375446228536e-11,0.5,SPARC_HI,M200_NFW=1.796e+11;coverage=4.88
UGC07125,Sm,1,90.0,19.8,3.38,18.68,13.507999999999997,4,3.187350418937708,intermediate,0.759878665324714,0.34676801318221906,0.0173212247643181,1.4125375446228536e-11,0.5,SPARC_HI,M200_NFW=1.995e+10;coverage=5.53
UGC07151,Scd,1,90.0,6.87,1.25,5.5,4.0,4,9.864801745721927,high,0.13106533895140793,0.4230914174857612,0.004009484147103919,1.4125375446228536e-11,0.5,SPARC_HI,M200_NFW=5.623e+10;coverage=4.40
UGC07323,Sdm,1,47.0,8.0,2.26,5.82,4.247999999999999,3,12.49238810695799,high,0.13562687313325306,0.3826713416133171,0.010557911796204066,1.4125375446228536e-11,0.5,SPARC_HI,M200_NFW=7.149e+10;coverage=2.58
UGC07399,Sdm,1,55.0,8.43,1.64,6.13,4.473999999999999,3,5.034533833288061,high,0.2674434757456116,0.6752544009342488,0.006658158224171981,1.4125375446228536e-11,0.5,SPARC_HI,M200_NFW=6.310e+11;coverage=3.74
UGC07524,Sm,1,46.0,4.74,3.46,10.69,7.587999999999999,9,5.297740180737166,high,0.22602404653016872,0.4818381864418394,0.011353294431807798,1.4125375446228536e-11,0.5,SPARC_HI,M200_NFW=6.310e+10;coverage=3.09
UGC07603,Sd,1,78.0,4.7,0.53,4.11,2.979,4,2.9585171651759783,intermediate,0.13328299889293455,0.631428498356059,0.011733098621858581,1.4125375446228536e-11,0.5,SPARC_HI,M200_NFW=7.079e+10;coverage=7.75
UGC08286,Scd,1,90.0,6.5,1.05,8.04,5.768999999999999,5,3.2921760640709627,intermediate,0.07165827489122933,0.6126180813440957,0.014902747688500168,1.4125375446228536e-11,0.5,SPARC_HI,M200_NFW=1.259e+11;coverage=7.66
UGC08490,Sm,1,50.0,4.65,0.67,10.15,7.207,9,2.2621546618421675,low,0.024249891986102546,0.6413629957288822,0.018409163315663613,1.4125375446228536e-11,0.5,SPARC_HI,M200_NFW=7.943e+10;coverage=15.15
UGC08550,Sd,1,90.0,6.7,0.45,5.36,3.899,3,3.2083395843892872,intermediate,0.09143333424453877,0.5889892855342956,0.01797987520900298,1.4125375446228536e-11,0.5,SPARC_HI,M200_NFW=2.846e+10;coverage=11.91
UGC09133,Sab,1,53.0,57.1,6.97,108.31,75.913,9,1.2093620838042034,low,0.020561347728493377,0.5426312274602958,0.011907288998004294,1.4125375446228536e-11,0.5,SPARC_HI,M200_NFW=1.778e+12;coverage=15.54
UGC11455,Scd,1,90.0,78.6,5.93,41.93,29.537,6,3.092025847254781,intermediate,0.14982191101032502,0.37941932480190116,0.02076728591406729,1.4125375446228536e-11,0.5,SPARC_HI,M200_NFW=2.512e+12;coverage=7.07
UGC11820,Sm,1,45.0,18.1,2.08,15.82,11.152,2,3.2452319259057334,intermediate,0.29250331075380454,0.5456081811430338,0.018443581641437477,1.4125375446228536e-11,0.5,SPARC_HI,M200_NFW=7.079e+10;coverage=7.61
UGC11914,Sab,1,31.0,16.9,2.44,9.83,6.965000000000001,3,48.57233532076774,high,0.1825263788383106,0.31229760891256336,0.020335575950793026,1.4125375446228536e-11,0.5,SPARC_HI,M200_NFW=4.511e+13;coverage=4.03
UGC12632,Sm,1,46.0,9.77,2.42,10.66,7.674999999999999,5,3.7947139539998687,intermediate,0.24366460390508987,0.5137425887129714,0.006424423915633986,1.4125375446228536e-11,0.5,SPARC_HI,M200_NFW=4.467e+10;coverage=4.40
UGC12732,Sm,1,39.0,13.2,1.98,15.4,11.068000000000001,5,3.9932021111764806,intermediate,0.1906009704623636,0.5441349970122391,0.028100498748247892,1.4125375446228536e-11,0.5,SPARC_HI,M200_NFW=1.100e+11;coverage=7.78
UGCA442,Sm,1,64.0,4.35,1.18,6.33,4.5569999999999995,3,2.649453614579501,low,0.09067678901378608,0.6366447279230546,0.010079960751128398,1.4125375446228536e-11,0.5,SPARC_HI,M200_NFW=2.818e+10;coverage=5.36
